Daily Mean data	    supplied by UK-AIR on 06/09/2017
All Data GMT hour ending
Status: V=Verified P=Provisionaly Verified N=Not Verified S=Suspect
,"Billingham",,,,,,"Middlesbrough",,,,,,,,,,,,,,,,,,,,,,,,,,"Newcastle Centre",,,,,,,,,,,,,,,,,,,,,,,,,,"Stockton-on-Tees Yarm",,,,,,,,,,"Sunderland 8",,"Sunderland Silksworth",,,,,,,,,,,,,,,,,
Date,"Nitric oxide",Status,"Nitrogen dioxide",Status,"Nitrogen oxides as nitrogen dioxide",Status,"Ozone",Status,"Nitric oxide",Status,"Nitrogen dioxide",Status,"Nitrogen oxides as nitrogen dioxide",Status,"Sulphur dioxide",Status,"Sulphur dioxide",Status,"Carbon monoxide",Status,"PM10 particulate matter (Hourly measured)",Status,"Non-volatile PM10 (Hourly measured)",Status,"Volatile PM10 (Hourly measured)",Status,"PM2.5 particulate matter (Hourly measured)",Status,"Non-volatile PM2.5 (Hourly measured)",Status,"Volatile PM2.5 (Hourly measured)",Status,"Ozone",Status,"Nitric oxide",Status,"Nitrogen dioxide",Status,"Nitrogen oxides as nitrogen dioxide",Status,"Sulphur dioxide",Status,"Sulphur dioxide",Status,"Carbon monoxide",Status,"PM10 particulate matter (Hourly measured)",Status,"Non-volatile PM10 (Hourly measured)",Status,"Volatile PM10 (Hourly measured)",Status,"PM2.5 particulate matter (Hourly measured)",Status,"Non-volatile PM2.5 (Hourly measured)",Status,"Volatile PM2.5 (Hourly measured)",Status,"Nitric oxide",Status,"Nitrogen dioxide",Status,"Nitrogen oxides as nitrogen dioxide",Status,"Carbon monoxide",Status,"PM10 particulate matter (Hourly measured)",Status,"Sulphur dioxide",Status,"Ozone",Status,"Nitric oxide",Status,"Nitrogen dioxide",Status,"Nitrogen oxides as nitrogen dioxide",Status,"Sulphur dioxide",Status,"Sulphur dioxide",Status,"PM2.5 particulate matter (Hourly measured)",Status,"Non-volatile PM2.5 (Hourly measured)",Status,"Volatile PM2.5 (Hourly measured)",Status
2007-11-01,7,V ugm-3,22,V ugm-3,33,V ugm-3,39,V ugm-3,1,V ugm-3,16,V ugm-3,18,V ugm-3,No data,,1,V ugm-3,0.16,V mgm-3,18,V ugm-3 (INDIC.GRAV),No data,,No data,,No data,,No data,,No data,,41,V ugm-3,9,V ugm-3,No data,V ugm-3,No data,V ugm-3,No data,,0,V ugm-3,0.1,V mgm-3,11,V ugm-3 (TEOM FDMS),9,V ugm-3 (TEOM FDMS),2,V ugm-3 (TEOM FDMS),No data,,No data,,No data,,67,V ugm-3,32,V ugm-3,134,V ugm-3,No data,,23,V ugm-3 (INDIC.GRAV),No data,,49,V ugm-3,2,V ugm-3,10,V ugm-3,13,V ugm-3,No data,,No data,,No data,,No data,,No data
2007-11-02,13,V ugm-3,35,V ugm-3,54,V ugm-3,36,V ugm-3,2,V ugm-3,20,V ugm-3,24,V ugm-3,No data,,1,V ugm-3,0.17,V mgm-3,15,V ugm-3 (INDIC.GRAV),No data,,No data,,No data,,No data,,No data,,41,V ugm-3,11,V ugm-3,26,V ugm-3,42,V ugm-3,No data,,2,V ugm-3,0.1,V mgm-3,12,V ugm-3 (TEOM FDMS),9,V ugm-3 (TEOM FDMS),3,V ugm-3 (TEOM FDMS),No data,,No data,,No data,,102,V ugm-3,40,V ugm-3,196,V ugm-3,No data,,29,V ugm-3 (INDIC.GRAV),No data,,51,V ugm-3,3,V ugm-3,12,V ugm-3,17,V ugm-3,No data,,No data,,No data,,No data,,No data
2007-11-03,5,V ugm-3,27,V ugm-3,34,V ugm-3,38,V ugm-3,5,V ugm-3,26,V ugm-3,33,V ugm-3,No data,,3,V ugm-3,0.22,V mgm-3,31,V ugm-3 (INDIC.GRAV),No data,,No data,,No data,,No data,,No data,,37,V ugm-3,12,V ugm-3,39,V ugm-3,56,V ugm-3,No data,,3,V ugm-3,0.1,V mgm-3,19,V ugm-3 (TEOM FDMS),16,V ugm-3 (TEOM FDMS),3,V ugm-3 (TEOM FDMS),No data,,No data,,No data,,54,V ugm-3,33,V ugm-3,116,V ugm-3,No data,,37,V ugm-3 (INDIC.GRAV),No data,,40,V ugm-3,4,V ugm-3,25,V ugm-3,32,V ugm-3,No data,,No data,,No data,,No data,,No data
2007-11-04,8,V ugm-3,27,V ugm-3,39,V ugm-3,28,V ugm-3,3,V ugm-3,24,V ugm-3,28,V ugm-3,No data,,3,V ugm-3,0.41,V mgm-3,35,V ugm-3 (INDIC.GRAV),No data,,No data,,No data,,No data,,No data,,25,V ugm-3,14,V ugm-3,43,V ugm-3,63,V ugm-3,No data,,3,V ugm-3,0.12,V mgm-3,22,V ugm-3 (TEOM FDMS),19,V ugm-3 (TEOM FDMS),3,V ugm-3 (TEOM FDMS),No data,,No data,,No data,,53,V ugm-3,30,V ugm-3,110,V ugm-3,No data,,36,V ugm-3 (INDIC.GRAV),No data,,34,V ugm-3,4,V ugm-3,22,V ugm-3,28,V ugm-3,No data,,No data,,No data,,No data,,No data
2007-11-05,12,V ugm-3,32,V ugm-3,51,V ugm-3,44,V ugm-3,1,V ugm-3,22,V ugm-3,24,V ugm-3,No data,,2,V ugm-3,0.21,V mgm-3,29,V ugm-3 (INDIC.GRAV),No data,,No data,,No data,,No data,,No data,,40,V ugm-3,9,V ugm-3,37,V ugm-3,51,V ugm-3,No data,,3,V ugm-3,0.19,V mgm-3,20,V ugm-3 (TEOM FDMS),17,V ugm-3 (TEOM FDMS),3,V ugm-3 (TEOM FDMS),No data,,No data,,No data,,28,V ugm-3,25,V ugm-3,68,V ugm-3,No data,,32,V ugm-3 (INDIC.GRAV),No data,,No data,V ugm-3,No data,V ugm-3,No data,V ugm-3,No data,V ugm-3,No data,,No data,,No data,,No data,,No data
2007-11-06,25,V ugm-3,38,V ugm-3,76,V ugm-3,43,V ugm-3,5,V ugm-3,26,V ugm-3,33,V ugm-3,No data,,4,V ugm-3,0.33,V mgm-3,25,V ugm-3 (INDIC.GRAV),No data,,No data,,No data,,No data,,No data,,48,V ugm-3,12,V ugm-3,31,V ugm-3,49,V ugm-3,No data,,2,V ugm-3,0.1,V mgm-3,17,V ugm-3 (TEOM FDMS),14,V ugm-3 (TEOM FDMS),2,V ugm-3 (TEOM FDMS),No data,,No data,,No data,,41,V ugm-3,37,V ugm-3,100,V ugm-3,No data,,27,V ugm-3 (INDIC.GRAV),No data,,No data,V ugm-3,No data,V ugm-3,No data,V ugm-3,No data,V ugm-3,No data,,No data,,No data,,No data,,No data
2007-11-07,19,V ugm-3,31,V ugm-3,60,V ugm-3,59,V ugm-3,1,V ugm-3,19,V ugm-3,21,V ugm-3,No data,,2,V ugm-3,0.19,V mgm-3,12,V ugm-3 (INDIC.GRAV),No data,,No data,,No data,,No data,,No data,,63,V ugm-3,8,V ugm-3,24,V ugm-3,35,V ugm-3,No data,,1,V ugm-3,0.11,V mgm-3,11,V ugm-3 (TEOM FDMS),8,V ugm-3 (TEOM FDMS),2,V ugm-3 (TEOM FDMS),No data,,No data,,No data,,17,V ugm-3,27,V ugm-3,54,V ugm-3,No data,,15,V ugm-3 (INDIC.GRAV),No data,,70,V ugm-3,3,V ugm-3,14,V ugm-3,18,V ugm-3,No data,,No data,,No data,,No data,,No data
2007-11-08,8,V ugm-3,21,V ugm-3,33,V ugm-3,59,V ugm-3,1,V ugm-3,15,V ugm-3,16,V ugm-3,No data,,3,V ugm-3,0.17,V mgm-3,12,V ugm-3 (INDIC.GRAV),No data,,No data,,No data,,No data,,No data,,62,V ugm-3,7,V ugm-3,29,V ugm-3,39,V ugm-3,No data,,1,V ugm-3,0.11,V mgm-3,12,V ugm-3 (TEOM FDMS),9,V ugm-3 (TEOM FDMS),3,V ugm-3 (TEOM FDMS),No data,,No data,,No data,,13,V ugm-3,20,V ugm-3,39,V ugm-3,No data,,14,V ugm-3 (INDIC.GRAV),No data,,69,V ugm-3,3,V ugm-3,10,V ugm-3,14,V ugm-3,No data,,No data,,No data,,No data,,No data
2007-11-09,23,V ugm-3,34,V ugm-3,69,V ugm-3,54,V ugm-3,2,V ugm-3,25,V ugm-3,29,V ugm-3,No data,,3,V ugm-3,0.35,V mgm-3,18,V ugm-3 (INDIC.GRAV),No data,,No data,,No data,,No data,,No data,,58,V ugm-3,9,V ugm-3,31,V ugm-3,46,V ugm-3,No data,,3,V ugm-3,0.1,V mgm-3,11,V ugm-3 (TEOM FDMS),10,V ugm-3 (TEOM FDMS),1,V ugm-3 (TEOM FDMS),No data,,No data,,No data,,32,V ugm-3,32,V ugm-3,81,V ugm-3,No data,,21,V ugm-3 (INDIC.GRAV),No data,,67,V ugm-3,3,V ugm-3,13,V ugm-3,18,V ugm-3,No data,,No data,,No data,,No data,,No data
2007-11-10,2,V ugm-3,15,V ugm-3,18,V ugm-3,58,V ugm-3,1,V ugm-3,16,V ugm-3,18,V ugm-3,No data,,0,V ugm-3,0.32,V mgm-3,9,V ugm-3 (INDIC.GRAV),No data,,No data,,No data,,No data,,No data,,50,V ugm-3,12,V ugm-3,32,V ugm-3,50,V ugm-3,No data,,3,V ugm-3,0.11,V mgm-3,8,V ugm-3 (TEOM FDMS),6,V ugm-3 (TEOM FDMS),2,V ugm-3 (TEOM FDMS),No data,,No data,,No data,,29,V ugm-3,26,V ugm-3,71,V ugm-3,No data,,15,V ugm-3 (INDIC.GRAV),No data,,59,V ugm-3,5,V ugm-3,16,V ugm-3,22,V ugm-3,No data,,No data,,No data,,No data,,No data
2007-11-11,0,V ugm-3,8,V ugm-3,9,V ugm-3,60,V ugm-3,1,V ugm-3,14,V ugm-3,15,V ugm-3,No data,,2,V ugm-3,0.27,V mgm-3,13,V ugm-3 (INDIC.GRAV),No data,,No data,,No data,,No data,,No data,,60,V ugm-3,4,V ugm-3,22,V ugm-3,28,V ugm-3,No data,,2,V ugm-3,0.15,V mgm-3,8,V ugm-3 (TEOM FDMS),7,V ugm-3 (TEOM FDMS),1,V ugm-3 (TEOM FDMS),No data,,No data,,No data,,13,V ugm-3,19,V ugm-3,39,V ugm-3,No data,,16,V ugm-3 (INDIC.GRAV),No data,,64,V ugm-3,2,V ugm-3,10,V ugm-3,13,V ugm-3,No data,,No data,,No data,,No data,,No data
2007-11-12,39,V ugm-3,57,V ugm-3,116,V ugm-3,22,V ugm-3,12,V ugm-3,43,V ugm-3,60,V ugm-3,No data,,2,V ugm-3,0.29,V mgm-3,16,V ugm-3 (INDIC.GRAV),No data,,No data,,No data,,No data,,No data,,27,V ugm-3,22,V ugm-3,48,V ugm-3,81,V ugm-3,No data,,4,V ugm-3,0.12,V mgm-3,12,V ugm-3 (TEOM FDMS),10,V ugm-3 (TEOM FDMS),2,V ugm-3 (TEOM FDMS),No data,,No data,,No data,,69,V ugm-3,43,V ugm-3,148,V ugm-3,No data,,25,V ugm-3 (INDIC.GRAV),No data,,40,V ugm-3,4,V ugm-3,27,V ugm-3,33,V ugm-3,No data,,No data,,No data,,No data,,No data
2007-11-13,29,V ugm-3,47,V ugm-3,91,V ugm-3,31,V ugm-3,5,V ugm-3,34,V ugm-3,42,V ugm-3,No data,,2,V ugm-3,0.25,V mgm-3,12,V ugm-3 (INDIC.GRAV),No data,,No data,,No data,,No data,,No data,,36,V ugm-3,11,V ugm-3,38,V ugm-3,55,V ugm-3,No data,,3,V ugm-3,0.1,V mgm-3,9,V ugm-3 (TEOM FDMS),8,V ugm-3 (TEOM FDMS),2,V ugm-3 (TEOM FDMS),No data,,No data,,No data,,38,V ugm-3,36,V ugm-3,93,V ugm-3,No data,,18,V ugm-3 (INDIC.GRAV),No data,,42,V ugm-3,3,V ugm-3,21,V ugm-3,25,V ugm-3,No data,,No data,,No data,,No data,,No data
2007-11-14,76,V ugm-3,59,V ugm-3,175,V ugm-3,17,V ugm-3,50,V ugm-3,48,V ugm-3,125,V ugm-3,No data,,4,V ugm-3,0.61,V mgm-3,25,V ugm-3 (INDIC.GRAV),No data,,No data,,No data,,No data,,No data,,19,V ugm-3,72,V ugm-3,62,V ugm-3,171,V ugm-3,No data,,4,V ugm-3,0.32,V mgm-3,16,V ugm-3 (TEOM FDMS),15,V ugm-3 (TEOM FDMS),1,V ugm-3 (TEOM FDMS),No data,,No data,,No data,,128,V ugm-3,35,V ugm-3,231,V ugm-3,No data,,23,V ugm-3 (INDIC.GRAV),No data,,17,V ugm-3,42,V ugm-3,46,V ugm-3,110,V ugm-3,No data,,No data,,No data,,No data,,No data
2007-11-15,75,V ugm-3,61,V ugm-3,175,V ugm-3,4,V ugm-3,31,V ugm-3,38,V ugm-3,86,V ugm-3,No data,,5,V ugm-3,0.58,V mgm-3,22,V ugm-3 (INDIC.GRAV),No data,,No data,,No data,,No data,,No data,,8,V ugm-3,46,V ugm-3,54,V ugm-3,124,V ugm-3,No data,,4,V ugm-3,0.15,V mgm-3,18,V ugm-3 (TEOM FDMS),15,V ugm-3 (TEOM FDMS),3,V ugm-3 (TEOM FDMS),No data,,No data,,No data,,140,V ugm-3,32,V ugm-3,247,V ugm-3,No data,,36,V ugm-3 (INDIC.GRAV),No data,,6,V ugm-3,24,V ugm-3,46,V ugm-3,83,V ugm-3,No data,,No data,,No data,,No data,,No data
2007-11-16,39,V ugm-3,52,V ugm-3,111,V ugm-3,7,V ugm-3,20,V ugm-3,40,V ugm-3,70,V ugm-3,No data,,3,V ugm-3,0.31,V mgm-3,19,V ugm-3 (INDIC.GRAV),No data,,No data,,No data,,No data,,No data,,4,V ugm-3,103,V ugm-3,72,V ugm-3,230,V ugm-3,No data,,7,V ugm-3,0.29,V mgm-3,28,V ugm-3 (TEOM FDMS),24,V ugm-3 (TEOM FDMS),5,V ugm-3 (TEOM FDMS),No data,,No data,,No data,,116,V ugm-3,35,V ugm-3,211,V ugm-3,No data,,34,V ugm-3 (INDIC.GRAV),No data,,13,V ugm-3,10,V ugm-3,36,V ugm-3,50,V ugm-3,No data,,No data,,No data,,No data,,No data
2007-11-17,5,V ugm-3,31,V ugm-3,39,V ugm-3,33,V ugm-3,2,V ugm-3,22,V ugm-3,25,V ugm-3,No data,,3,V ugm-3,0.28,V mgm-3,16,V ugm-3 (INDIC.GRAV),No data,,No data,,No data,,No data,,No data,,20,V ugm-3,24,V ugm-3,50,V ugm-3,87,V ugm-3,No data,,4,V ugm-3,0.12,V mgm-3,18,V ugm-3 (TEOM FDMS),13,V ugm-3 (TEOM FDMS),5,V ugm-3 (TEOM FDMS),No data,,No data,,No data,,39,V ugm-3,26,V ugm-3,86,V ugm-3,No data,,24,V ugm-3 (INDIC.GRAV),No data,,39,V ugm-3,3,V ugm-3,20,V ugm-3,24,V ugm-3,No data,,No data,,No data,,No data,,No data
2007-11-18,10,V ugm-3,32,V ugm-3,47,V ugm-3,42,V ugm-3,1,V ugm-3,20,V ugm-3,21,V ugm-3,No data,,2,V ugm-3,0.27,V mgm-3,10,V ugm-3 (INDIC.GRAV),No data,,No data,,No data,,No data,,No data,,32,V ugm-3,9,V ugm-3,47,V ugm-3,62,V ugm-3,No data,,3,V ugm-3,0.12,V mgm-3,12,V ugm-3 (TEOM FDMS),8,V ugm-3 (TEOM FDMS),4,V ugm-3 (TEOM FDMS),No data,,No data,,No data,,28,V ugm-3,24,V ugm-3,65,V ugm-3,No data,,14,V ugm-3 (INDIC.GRAV),No data,,42,V ugm-3,3,V ugm-3,17,V ugm-3,21,V ugm-3,No data,,No data,,No data,,No data,,No data
2007-11-19,12,V ugm-3,39,V ugm-3,57,V ugm-3,29,V ugm-3,3,V ugm-3,24,V ugm-3,28,V ugm-3,No data,,1,V ugm-3,0.32,V mgm-3,21,V ugm-3 (INDIC.GRAV),No data,,No data,,No data,,No data,,No data,,30,V ugm-3,11,V ugm-3,42,V ugm-3,60,V ugm-3,No data,,3,V ugm-3,0.12,V mgm-3,19,V ugm-3 (TEOM FDMS),18,V ugm-3 (TEOM FDMS),2,V ugm-3 (TEOM FDMS),No data,,No data,,No data,,78,V ugm-3,31,V ugm-3,150,V ugm-3,No data,,23,V ugm-3 (INDIC.GRAV),No data,,41,V ugm-3,7,V ugm-3,17,V ugm-3,28,V ugm-3,No data,,No data,,No data,,No data,,No data
2007-11-20,16,V ugm-3,40,V ugm-3,64,V ugm-3,26,V ugm-3,6,V ugm-3,33,V ugm-3,43,V ugm-3,No data,,3,V ugm-3,No data,V mgm-3,23,V ugm-3 (INDIC.GRAV),No data,,No data,,No data,,No data,,No data,,19,V ugm-3,16,V ugm-3,51,V ugm-3,74,V ugm-3,No data,,4,V ugm-3,0.12,V mgm-3,20,V ugm-3 (TEOM FDMS),17,V ugm-3 (TEOM FDMS),4,V ugm-3 (TEOM FDMS),No data,,No data,,No data,,102,V ugm-3,36,V ugm-3,193,V ugm-3,No data,,28,V ugm-3 (INDIC.GRAV),No data,,37,V ugm-3,6,V ugm-3,20,V ugm-3,29,V ugm-3,No data,,No data,,No data,,No data,,No data
2007-11-21,55,V ugm-3,58,V ugm-3,142,V ugm-3,8,V ugm-3,22,V ugm-3,42,V ugm-3,75,V ugm-3,No data,,5,V ugm-3,No data,V mgm-3,19,V ugm-3 (INDIC.GRAV),No data,,No data,,No data,,No data,,No data,,5,V ugm-3,57,V ugm-3,59,V ugm-3,146,V ugm-3,No data,,6,V ugm-3,0.18,V mgm-3,20,V ugm-3 (TEOM FDMS),15,V ugm-3 (TEOM FDMS),5,V ugm-3 (TEOM FDMS),No data,,No data,,No data,,114,V ugm-3,28,V ugm-3,202,V ugm-3,No data,,25,V ugm-3 (INDIC.GRAV),No data,,7,V ugm-3,19,V ugm-3,37,V ugm-3,66,V ugm-3,No data,,No data,,No data,,No data,,No data
2007-11-22,22,V ugm-3,32,V ugm-3,67,V ugm-3,32,V ugm-3,6,V ugm-3,23,V ugm-3,32,V ugm-3,No data,,2,V ugm-3,No data,V mgm-3,15,V ugm-3 (INDIC.GRAV),No data,,No data,,No data,,No data,,No data,,35,V ugm-3,16,V ugm-3,35,V ugm-3,58,V ugm-3,No data,,3,V ugm-3,0.1,V mgm-3,8,V ugm-3 (TEOM FDMS),7,V ugm-3 (TEOM FDMS),1,V ugm-3 (TEOM FDMS),No data,,No data,,No data,,38,V ugm-3,23,V ugm-3,81,V ugm-3,No data,,18,V ugm-3 (INDIC.GRAV),No data,,34,V ugm-3,3,V ugm-3,16,V ugm-3,20,V ugm-3,No data,,No data,,No data,,No data,,No data
2007-11-23,32,V ugm-3,44,V ugm-3,94,V ugm-3,33,V ugm-3,9,V ugm-3,36,V ugm-3,50,V ugm-3,No data,,2,V ugm-3,0.27,V mgm-3,21,V ugm-3 (INDIC.GRAV),No data,,No data,,No data,,No data,,No data,,34,V ugm-3,18,V ugm-3,39,V ugm-3,66,V ugm-3,No data,,4,V ugm-3,0.1,V mgm-3,11,V ugm-3 (TEOM FDMS),11,V ugm-3 (TEOM FDMS),0,V ugm-3 (TEOM FDMS),No data,,No data,,No data,,78,V ugm-3,42,V ugm-3,162,V ugm-3,No data,,23,V ugm-3 (INDIC.GRAV),No data,,32,V ugm-3,4,V ugm-3,27,V ugm-3,34,V ugm-3,No data,,No data,,No data,,No data,,No data
2007-11-24,3,V ugm-3,20,V ugm-3,25,V ugm-3,51,V ugm-3,1,V ugm-3,16,V ugm-3,17,V ugm-3,No data,,2,V ugm-3,0.25,V mgm-3,11,V ugm-3 (INDIC.GRAV),No data,,No data,,No data,,No data,,No data,,51,V ugm-3,8,V ugm-3,33,V ugm-3,45,V ugm-3,No data,,2,V ugm-3,0.1,V mgm-3,9,V ugm-3 (TEOM FDMS),8,V ugm-3 (TEOM FDMS),2,V ugm-3 (TEOM FDMS),No data,,No data,,No data,,32,V ugm-3,35,V ugm-3,83,V ugm-3,No data,,17,V ugm-3 (INDIC.GRAV),No data,,57,V ugm-3,1,V ugm-3,7,V ugm-3,10,V ugm-3,No data,,No data,,No data,,No data,,No data
2007-11-25,4,V ugm-3,22,V ugm-3,28,V ugm-3,44,V ugm-3,2,V ugm-3,24,V ugm-3,26,V ugm-3,No data,,3,V ugm-3,0.18,V mgm-3,19,V ugm-3 (INDIC.GRAV),No data,,No data,,No data,,No data,,No data,,46,V ugm-3,6,V ugm-3,31,V ugm-3,40,V ugm-3,No data,,3,V ugm-3,0.1,V mgm-3,9,V ugm-3 (TEOM FDMS),9,V ugm-3 (TEOM FDMS),0,V ugm-3 (TEOM FDMS),No data,,No data,,No data,,28,V ugm-3,33,V ugm-3,76,V ugm-3,No data,,19,V ugm-3 (INDIC.GRAV),No data,,36,V ugm-3,63,V ugm-3,28,V ugm-3,124,V ugm-3,No data,,No data,,No data,,No data,,No data
2007-11-26,56,V ugm-3,70,V ugm-3,156,V ugm-3,16,V ugm-3,15,V ugm-3,52,V ugm-3,75,V ugm-3,No data,,8,V ugm-3,0.34,V mgm-3,26,V ugm-3 (INDIC.GRAV),No data,,No data,,No data,,No data,,No data,,23,V ugm-3,20,V ugm-3,49,V ugm-3,80,V ugm-3,No data,,6,V ugm-3,0.11,V mgm-3,13,V ugm-3 (TEOM FDMS),11,V ugm-3 (TEOM FDMS),1,V ugm-3 (TEOM FDMS),No data,,No data,,No data,,97,V ugm-3,46,V ugm-3,195,V ugm-3,No data,,35,V ugm-3 (INDIC.GRAV),No data,,16,V ugm-3,13,V ugm-3,40,V ugm-3,60,V ugm-3,No data,,No data,,No data,,No data,,No data
2007-11-27,50,V ugm-3,57,V ugm-3,132,V ugm-3,13,V ugm-3,28,V ugm-3,44,V ugm-3,87,V ugm-3,No data,,2,V ugm-3,0.32,V mgm-3,15,V ugm-3 (INDIC.GRAV),No data,,No data,,No data,,No data,,No data,,14,V ugm-3,69,V ugm-3,62,V ugm-3,168,V ugm-3,No data,,5,V ugm-3,0.2,V mgm-3,19,V ugm-3 (TEOM FDMS),15,V ugm-3 (TEOM FDMS),4,V ugm-3 (TEOM FDMS),No data,,No data,,No data,,128,V ugm-3,43,V ugm-3,238,V ugm-3,No data,,No data,V ugm-3 (INDIC.GRAV),No data,,11,V ugm-3,11,V ugm-3,36,V ugm-3,53,V ugm-3,No data,,No data,,No data,,No data,,No data
2007-11-28,7,V ugm-3,33,V ugm-3,44,V ugm-3,43,V ugm-3,1,V ugm-3,19,V ugm-3,20,V ugm-3,No data,,0,V ugm-3,0.1,V mgm-3,7,V ugm-3 (INDIC.GRAV),No data,,No data,,No data,,No data,,No data,,35,V ugm-3,18,V ugm-3,45,V ugm-3,73,V ugm-3,No data,,3,V ugm-3,0.1,V mgm-3,7,V ugm-3 (TEOM FDMS),4,V ugm-3 (TEOM FDMS),3,V ugm-3 (TEOM FDMS),No data,,No data,,No data,,57,V ugm-3,34,V ugm-3,121,V ugm-3,No data,,No data,V ugm-3 (INDIC.GRAV),No data,,45,V ugm-3,2,V ugm-3,16,V ugm-3,20,V ugm-3,No data,,No data,,No data,,No data,,No data
2007-11-29,16,V ugm-3,39,V ugm-3,63,V ugm-3,45,V ugm-3,2,V ugm-3,26,V ugm-3,30,V ugm-3,No data,,0,V ugm-3,0.25,V mgm-3,14,V ugm-3 (INDIC.GRAV),No data,,No data,,No data,,No data,,No data,,46,V ugm-3,10,V ugm-3,38,V ugm-3,54,V ugm-3,No data,,3,V ugm-3,0.1,V mgm-3,7,V ugm-3 (TEOM FDMS),7,V ugm-3 (TEOM FDMS),1,V ugm-3 (TEOM FDMS),No data,,No data,,No data,,45,V ugm-3,34,V ugm-3,103,V ugm-3,No data,,No data,V ugm-3 (INDIC.GRAV),No data,,56,V ugm-3,2,V ugm-3,10,V ugm-3,13,V ugm-3,No data,,No data,,No data,,No data,,No data
2007-11-30,8,V ugm-3,27,V ugm-3,39,V ugm-3,56,V ugm-3,1,V ugm-3,16,V ugm-3,17,V ugm-3,No data,,2,V ugm-3,0.1,V mgm-3,9,V ugm-3 (INDIC.GRAV),No data,,No data,,No data,,No data,,No data,,29,V ugm-3,20,V ugm-3,53,V ugm-3,84,V ugm-3,No data,,3,V ugm-3,0.12,V mgm-3,9,V ugm-3 (TEOM FDMS),6,V ugm-3 (TEOM FDMS),3,V ugm-3 (TEOM FDMS),No data,,No data,,No data,,43,V ugm-3,33,V ugm-3,98,V ugm-3,No data,,14,V ugm-3 (INDIC.GRAV),No data,,54,V ugm-3,3,V ugm-3,12,V ugm-3,16,V ugm-3,No data,,No data,,No data,,No data,,No data



End
