Daily Mean data	    supplied by UK-AIR on 06/09/2017
All Data GMT hour ending
Status: V=Verified P=Provisionaly Verified N=Not Verified S=Suspect
,"Billingham",,,,,,"Middlesbrough",,,,,,,,,,,,,,,,,,,,,,,,,,"Newcastle Centre",,,,,,,,,,,,,,,,,,,,,,,,,,"Redcar",,,,,,,,,,,,,,,,,,"Stockton-on-Tees Yarm",,,,,,,,,,"Sunderland",,,,"Sunderland Silksworth",,,,,,,,,,,,,,,,,
Date,"Nitric oxide",Status,"Nitrogen dioxide",Status,"Nitrogen oxides as nitrogen dioxide",Status,"Ozone",Status,"Nitric oxide",Status,"Nitrogen dioxide",Status,"Nitrogen oxides as nitrogen dioxide",Status,"Sulphur dioxide",Status,"Sulphur dioxide",Status,"Carbon monoxide",Status,"PM10 particulate matter (Hourly measured)",Status,"Non-volatile PM10 (Hourly measured)",Status,"Volatile PM10 (Hourly measured)",Status,"PM2.5 particulate matter (Hourly measured)",Status,"Non-volatile PM2.5 (Hourly measured)",Status,"Volatile PM2.5 (Hourly measured)",Status,"Ozone",Status,"Nitric oxide",Status,"Nitrogen dioxide",Status,"Nitrogen oxides as nitrogen dioxide",Status,"Sulphur dioxide",Status,"Sulphur dioxide",Status,"Carbon monoxide",Status,"PM10 particulate matter (Hourly measured)",Status,"Non-volatile PM10 (Hourly measured)",Status,"Volatile PM10 (Hourly measured)",Status,"PM2.5 particulate matter (Hourly measured)",Status,"Non-volatile PM2.5 (Hourly measured)",Status,"Volatile PM2.5 (Hourly measured)",Status,"Ozone",Status,"Nitric oxide",Status,"Nitrogen dioxide",Status,"Nitrogen oxides as nitrogen dioxide",Status,"Sulphur dioxide",Status,"Sulphur dioxide",Status,"Carbon monoxide",Status,"PM10 particulate matter (Hourly measured)",Status,"Cobalt",Status,"Nitric oxide",Status,"Nitrogen dioxide",Status,"Nitrogen oxides as nitrogen dioxide",Status,"Carbon monoxide",Status,"PM10 particulate matter (Hourly measured)",Status,"Sulphur dioxide",Status,"Sulphur dioxide",Status,"Ozone",Status,"Nitric oxide",Status,"Nitrogen dioxide",Status,"Nitrogen oxides as nitrogen dioxide",Status,"Sulphur dioxide",Status,"Sulphur dioxide",Status,"PM2.5 particulate matter (Hourly measured)",Status,"Non-volatile PM2.5 (Hourly measured)",Status,"Volatile PM2.5 (Hourly measured)",Status
2005-03-01,No data,V ugm-3,No data,V ugm-3,No data,N ugm-3,19,V ugm-3,13,V ugm-3,45,V ugm-3,64,V ugm-3,No data,,4,V ugm-3,0.41,V mgm-3,14,V ugm-3 (INDIC.GRAV),No data,,No data,,No data,,No data,,No data,,28,V ugm-3,22,V ugm-3,49,V ugm-3,83,N ugm-3,No data,,4,V ugm-3,0.24,V mgm-3,10,V ugm-3 (INDIC.GRAV),No data,,No data,,No data,,No data,,No data,,60,V ugm-3,6,V ugm-3,19,V ugm-3,27,N ugm-3,No data,,5,V ugm-3,0.38,V mgm-3,10,V ugm-3 (INDIC.GRAV),No data,,69,V ugm-3,48,V ugm-3,152,N ugm-3,0.73,V mgm-3,20,V ugm-3 (INDIC.GRAV),No data,,No data,V ugm-3,46,V ugm-3,7,V ugm-3,30,V ugm-3,41,N ugm-3,No data,,No data,,No data,,No data,,No data
2005-03-02,12,V ugm-3,22,V ugm-3,40,N ugm-3,No data,V ugm-3,No data,V ugm-3,No data,V ugm-3,No data,V ugm-3,No data,,No data,V ugm-3,No data,V mgm-3,No data,V ugm-3 (INDIC.GRAV),No data,,No data,,No data,,No data,,No data,,51,V ugm-3,14,V ugm-3,36,V ugm-3,58,N ugm-3,No data,,3,V ugm-3,0.17,V mgm-3,13,V ugm-3 (INDIC.GRAV),No data,,No data,,No data,,No data,,No data,,78,V ugm-3,2,V ugm-3,12,V ugm-3,15,N ugm-3,No data,,6,V ugm-3,0.33,V mgm-3,18,V ugm-3 (INDIC.GRAV),No data,,51,V ugm-3,42,V ugm-3,120,N ugm-3,0.4,V mgm-3,20,V ugm-3 (INDIC.GRAV),No data,,1,V ugm-3,62,V ugm-3,4,V ugm-3,18,V ugm-3,25,N ugm-3,No data,,No data,,No data,,No data,,No data
2005-03-03,55,V ugm-3,56,V ugm-3,140,N ugm-3,No data,V ugm-3,No data,V ugm-3,No data,V ugm-3,No data,V ugm-3,No data,,No data,V ugm-3,No data,V mgm-3,No data,V ugm-3 (INDIC.GRAV),No data,,No data,,No data,,No data,,No data,,55,V ugm-3,13,V ugm-3,35,V ugm-3,55,N ugm-3,No data,,2,V ugm-3,0.13,V mgm-3,10,V ugm-3 (INDIC.GRAV),No data,,No data,,No data,,No data,,No data,,45,V ugm-3,18,V ugm-3,41,V ugm-3,68,N ugm-3,No data,,7,V ugm-3,0.51,V mgm-3,26,V ugm-3 (INDIC.GRAV),No data,,72,V ugm-3,50,V ugm-3,160,N ugm-3,0.76,V mgm-3,28,V ugm-3 (INDIC.GRAV),No data,,2,V ugm-3,52,V ugm-3,18,V ugm-3,32,V ugm-3,60,N ugm-3,No data,,No data,,No data,,No data,,No data
2005-03-04,21,V ugm-3,29,V ugm-3,61,N ugm-3,No data,V ugm-3,No data,V ugm-3,No data,V ugm-3,No data,V ugm-3,No data,,No data,V ugm-3,No data,V mgm-3,No data,V ugm-3 (INDIC.GRAV),No data,,No data,,No data,,No data,,No data,,68,V ugm-3,7,V ugm-3,22,V ugm-3,32,N ugm-3,No data,,3,V ugm-3,0.12,V mgm-3,15,V ugm-3 (INDIC.GRAV),No data,,No data,,No data,,No data,,No data,,72,V ugm-3,1,V ugm-3,14,V ugm-3,16,N ugm-3,No data,,7,V ugm-3,0.38,V mgm-3,32,V ugm-3 (INDIC.GRAV),No data,,25,V ugm-3,24,V ugm-3,62,N ugm-3,0.21,V mgm-3,30,V ugm-3 (INDIC.GRAV),No data,,3,V ugm-3,72,V ugm-3,3,V ugm-3,12,V ugm-3,16,N ugm-3,No data,,No data,,No data,,No data,,No data
2005-03-05,1,V ugm-3,11,V ugm-3,13,N ugm-3,61,V ugm-3,2,V ugm-3,26,V ugm-3,29,V ugm-3,No data,,9,V ugm-3,0.23,V mgm-3,31,V ugm-3 (INDIC.GRAV),No data,,No data,,No data,,No data,,No data,,64,V ugm-3,9,V ugm-3,22,V ugm-3,35,N ugm-3,No data,,1,V ugm-3,0.15,V mgm-3,21,V ugm-3 (INDIC.GRAV),No data,,No data,,No data,,No data,,No data,,76,V ugm-3,2,V ugm-3,11,V ugm-3,14,N ugm-3,No data,,7,V ugm-3,0.36,V mgm-3,42,V ugm-3 (INDIC.GRAV),No data,,34,V ugm-3,29,V ugm-3,80,N ugm-3,0.41,V mgm-3,33,V ugm-3 (INDIC.GRAV),No data,,1,V ugm-3,72,V ugm-3,3,V ugm-3,13,V ugm-3,17,N ugm-3,No data,,No data,,No data,,No data,,No data
2005-03-06,5,V ugm-3,24,V ugm-3,32,N ugm-3,49,V ugm-3,5,V ugm-3,38,V ugm-3,45,V ugm-3,No data,,5,V ugm-3,0.38,V mgm-3,29,V ugm-3 (INDIC.GRAV),No data,,No data,,No data,,No data,,No data,,44,V ugm-3,7,V ugm-3,29,V ugm-3,39,N ugm-3,No data,,2,V ugm-3,0.16,V mgm-3,23,V ugm-3 (INDIC.GRAV),No data,,No data,,No data,,No data,,No data,,70,V ugm-3,2,V ugm-3,19,V ugm-3,21,N ugm-3,No data,,7,V ugm-3,0.41,V mgm-3,44,V ugm-3 (INDIC.GRAV),No data,,27,V ugm-3,33,V ugm-3,74,N ugm-3,0.53,V mgm-3,42,V ugm-3 (INDIC.GRAV),No data,,2,V ugm-3,51,V ugm-3,2,V ugm-3,27,V ugm-3,30,N ugm-3,No data,,No data,,No data,,No data,,No data
2005-03-07,47,V ugm-3,53,V ugm-3,125,N ugm-3,35,V ugm-3,6,V ugm-3,47,V ugm-3,56,V ugm-3,No data,,5,V ugm-3,0.31,V mgm-3,23,V ugm-3 (INDIC.GRAV),No data,,No data,,No data,,No data,,No data,,44,V ugm-3,8,V ugm-3,32,V ugm-3,45,N ugm-3,No data,,5,V ugm-3,0.12,V mgm-3,12,V ugm-3 (INDIC.GRAV),No data,,No data,,No data,,No data,,No data,,62,V ugm-3,2,V ugm-3,16,V ugm-3,20,N ugm-3,No data,,11,V ugm-3,0.45,V mgm-3,26,V ugm-3 (INDIC.GRAV),No data,,43,V ugm-3,39,V ugm-3,105,N ugm-3,0.43,V mgm-3,28,V ugm-3 (INDIC.GRAV),No data,,4,V ugm-3,52,V ugm-3,3,V ugm-3,27,V ugm-3,32,N ugm-3,No data,,No data,,No data,,No data,,No data
2005-03-08,26,V ugm-3,40,V ugm-3,79,N ugm-3,55,V ugm-3,4,V ugm-3,35,V ugm-3,41,V ugm-3,No data,,3,V ugm-3,0.24,V mgm-3,24,V ugm-3 (INDIC.GRAV),No data,,No data,,No data,,No data,,No data,,64,V ugm-3,8,V ugm-3,23,V ugm-3,35,N ugm-3,No data,,0,V ugm-3,0.12,V mgm-3,14,V ugm-3 (INDIC.GRAV),No data,,No data,,No data,,No data,,No data,,73,V ugm-3,2,V ugm-3,19,V ugm-3,23,N ugm-3,No data,,8,V ugm-3,0.32,V mgm-3,30,V ugm-3 (INDIC.GRAV),No data,,43,V ugm-3,35,V ugm-3,101,N ugm-3,0.36,V mgm-3,32,V ugm-3 (INDIC.GRAV),No data,,4,V ugm-3,No data,V ugm-3,No data,V ugm-3,No data,V ugm-3,No data,N ugm-3,No data,,No data,,No data,,No data,,No data
2005-03-09,36,V ugm-3,50,V ugm-3,104,N ugm-3,41,V ugm-3,6,V ugm-3,44,V ugm-3,53,V ugm-3,No data,,4,V ugm-3,0.3,V mgm-3,24,V ugm-3 (INDIC.GRAV),No data,,No data,,No data,,No data,,No data,,46,V ugm-3,8,V ugm-3,32,V ugm-3,44,N ugm-3,No data,,1,V ugm-3,0.12,V mgm-3,14,V ugm-3 (INDIC.GRAV),No data,,No data,,No data,,No data,,No data,,No data,V ugm-3,No data,V ugm-3,No data,V ugm-3,No data,N ugm-3,No data,,No data,V ugm-3,No data,V mgm-3,No data,V ugm-3 (INDIC.GRAV),No data,,59,V ugm-3,44,V ugm-3,134,N ugm-3,0.62,V mgm-3,44,V ugm-3 (INDIC.GRAV),No data,,4,V ugm-3,No data,V ugm-3,No data,V ugm-3,No data,V ugm-3,No data,N ugm-3,No data,,No data,,No data,,No data,,No data
2005-03-10,33,V ugm-3,46,V ugm-3,96,N ugm-3,34,V ugm-3,11,V ugm-3,40,V ugm-3,56,V ugm-3,No data,,3,V ugm-3,0.3,V mgm-3,18,V ugm-3 (INDIC.GRAV),No data,,No data,,No data,,No data,,No data,,50,V ugm-3,9,V ugm-3,23,V ugm-3,36,N ugm-3,No data,,0,V ugm-3,0.12,V mgm-3,13,V ugm-3 (INDIC.GRAV),No data,,No data,,No data,,No data,,No data,,No data,V ugm-3,No data,V ugm-3,No data,V ugm-3,No data,N ugm-3,No data,,No data,V ugm-3,No data,V mgm-3,No data,V ugm-3 (INDIC.GRAV),No data,,67,V ugm-3,40,V ugm-3,143,N ugm-3,0.49,V mgm-3,30,V ugm-3 (INDIC.GRAV),No data,,3,V ugm-3,50,V ugm-3,5,V ugm-3,24,V ugm-3,32,N ugm-3,No data,,No data,,No data,,No data,,No data
2005-03-11,23,V ugm-3,36,V ugm-3,71,N ugm-3,64,V ugm-3,3,V ugm-3,26,V ugm-3,31,V ugm-3,No data,,3,V ugm-3,0.25,V mgm-3,15,V ugm-3 (INDIC.GRAV),No data,,No data,,No data,,No data,,No data,,71,V ugm-3,7,V ugm-3,19,V ugm-3,29,N ugm-3,No data,,0,V ugm-3,0.1,V mgm-3,12,V ugm-3 (INDIC.GRAV),No data,,No data,,No data,,No data,,No data,,No data,V ugm-3,No data,V ugm-3,No data,V ugm-3,No data,V ugm-3,No data,,No data,V ugm-3,No data,V mgm-3,No data,V ugm-3 (INDIC.GRAV),No data,,28,V ugm-3,25,V ugm-3,68,N ugm-3,0.21,V mgm-3,22,V ugm-3 (INDIC.GRAV),No data,,2,V ugm-3,No data,V ugm-3,No data,V ugm-3,No data,V ugm-3,No data,N ugm-3,No data,,No data,,No data,,No data,,No data
2005-03-12,3,V ugm-3,13,V ugm-3,17,N ugm-3,59,V ugm-3,3,V ugm-3,21,V ugm-3,25,V ugm-3,No data,,5,V ugm-3,0.28,V mgm-3,14,V ugm-3 (INDIC.GRAV),No data,,No data,,No data,,No data,,No data,,62,V ugm-3,5,V ugm-3,15,V ugm-3,23,N ugm-3,No data,,3,V ugm-3,0.1,V mgm-3,10,V ugm-3 (INDIC.GRAV),No data,,No data,,No data,,No data,,No data,,No data,V ugm-3,1,V ugm-3,No data,V ugm-3,No data,V ugm-3,No data,,19,V ugm-3,No data,V mgm-3,54,V ugm-3 (INDIC.GRAV),No data,,29,V ugm-3,21,V ugm-3,65,N ugm-3,0.2,V mgm-3,21,V ugm-3 (INDIC.GRAV),No data,,2,V ugm-3,65,V ugm-3,3,V ugm-3,12,V ugm-3,16,N ugm-3,No data,,No data,,No data,,No data,,No data
2005-03-13,3,V ugm-3,15,V ugm-3,19,N ugm-3,58,V ugm-3,1,V ugm-3,18,V ugm-3,19,V ugm-3,No data,,3,V ugm-3,0.27,V mgm-3,13,V ugm-3 (INDIC.GRAV),No data,,No data,,No data,,No data,,No data,,63,V ugm-3,4,V ugm-3,13,V ugm-3,18,N ugm-3,No data,,0,V ugm-3,0.11,V mgm-3,10,V ugm-3 (INDIC.GRAV),No data,,No data,,No data,,No data,,No data,,No data,V ugm-3,2,V ugm-3,No data,V ugm-3,No data,V ugm-3,No data,,16,V ugm-3,No data,V mgm-3,22,V ugm-3 (INDIC.GRAV),No data,,17,V ugm-3,17,V ugm-3,42,N ugm-3,0.26,V mgm-3,17,V ugm-3 (INDIC.GRAV),No data,,2,V ugm-3,67,V ugm-3,2,V ugm-3,9,V ugm-3,12,N ugm-3,No data,,No data,,No data,,No data,,No data
2005-03-14,15,V ugm-3,35,V ugm-3,58,N ugm-3,56,V ugm-3,4,V ugm-3,20,V ugm-3,26,V ugm-3,No data,,3,V ugm-3,0.27,V mgm-3,22,V ugm-3 (INDIC.GRAV),No data,,No data,,No data,,No data,,No data,,52,V ugm-3,10,V ugm-3,30,V ugm-3,45,N ugm-3,No data,,3,V ugm-3,0.14,V mgm-3,15,V ugm-3 (INDIC.GRAV),No data,,No data,,No data,,No data,,No data,,No data,V ugm-3,4,V ugm-3,No data,V ugm-3,No data,V ugm-3,No data,,11,V ugm-3,No data,V mgm-3,17,V ugm-3 (INDIC.GRAV),No data,,51,V ugm-3,38,V ugm-3,115,N ugm-3,0.75,V mgm-3,28,V ugm-3 (INDIC.GRAV),No data,,2,V ugm-3,62,V ugm-3,4,V ugm-3,17,V ugm-3,23,N ugm-3,No data,,No data,,No data,,No data,,No data
2005-03-15,8,V ugm-3,25,V ugm-3,37,N ugm-3,56,V ugm-3,5,V ugm-3,21,V ugm-3,29,V ugm-3,No data,,3,V ugm-3,0.21,V mgm-3,27,V ugm-3 (INDIC.GRAV),No data,,No data,,No data,,No data,,No data,,59,V ugm-3,6,V ugm-3,27,V ugm-3,37,N ugm-3,No data,,0,V ugm-3,0.1,V mgm-3,14,V ugm-3 (INDIC.GRAV),No data,,No data,,No data,,No data,,No data,,No data,V ugm-3,3,V ugm-3,No data,V ugm-3,No data,V ugm-3,No data,,11,V ugm-3,No data,V mgm-3,21,V ugm-3 (INDIC.GRAV),No data,,45,V ugm-3,35,V ugm-3,104,N ugm-3,0.55,V mgm-3,25,V ugm-3 (INDIC.GRAV),No data,,2,V ugm-3,73,V ugm-3,3,V ugm-3,12,V ugm-3,17,N ugm-3,No data,,No data,,No data,,No data,,No data
2005-03-16,5,V ugm-3,17,V ugm-3,25,N ugm-3,60,V ugm-3,3,V ugm-3,10,V ugm-3,16,V ugm-3,No data,,3,V ugm-3,0.19,V mgm-3,52,V ugm-3 (INDIC.GRAV),No data,,No data,,No data,,No data,,No data,,No data,V ugm-3,No data,V ugm-3,No data,V ugm-3,No data,N ugm-3,No data,,No data,V ugm-3,No data,V mgm-3,No data,V ugm-3 (INDIC.GRAV),No data,,No data,,No data,,No data,,No data,,No data,V ugm-3,6,V ugm-3,No data,V ugm-3,No data,V ugm-3,No data,,29,V ugm-3,No data,V mgm-3,14,V ugm-3 (INDIC.GRAV),No data,,31,V ugm-3,26,V ugm-3,73,N ugm-3,0.25,V mgm-3,21,V ugm-3 (INDIC.GRAV),No data,,2,V ugm-3,71,V ugm-3,3,V ugm-3,9,V ugm-3,12,N ugm-3,No data,,No data,,No data,,No data,,No data
2005-03-17,13,V ugm-3,17,V ugm-3,36,N ugm-3,64,V ugm-3,4,V ugm-3,11,V ugm-3,17,V ugm-3,No data,,1,V ugm-3,0.2,V mgm-3,41,V ugm-3 (INDIC.GRAV),No data,,No data,,No data,,No data,,No data,,No data,V ugm-3,No data,V ugm-3,No data,V ugm-3,No data,N ugm-3,No data,,No data,V ugm-3,No data,V mgm-3,No data,V ugm-3 (INDIC.GRAV),No data,,No data,,No data,,No data,,No data,,No data,V ugm-3,5,V ugm-3,No data,V ugm-3,No data,V ugm-3,No data,,29,V ugm-3,No data,V mgm-3,29,V ugm-3 (INDIC.GRAV),No data,,28,V ugm-3,24,V ugm-3,67,N ugm-3,0.25,V mgm-3,27,V ugm-3 (INDIC.GRAV),No data,,1,V ugm-3,67,V ugm-3,1,V ugm-3,7,V ugm-3,9,N ugm-3,No data,,No data,,No data,,No data,,No data
2005-03-18,11,V ugm-3,23,V ugm-3,40,N ugm-3,46,V ugm-3,5,V ugm-3,20,V ugm-3,28,V ugm-3,No data,,0,V ugm-3,0.24,V mgm-3,25,V ugm-3 (INDIC.GRAV),No data,,No data,,No data,,No data,,No data,,No data,V ugm-3,No data,V ugm-3,No data,V ugm-3,No data,N ugm-3,No data,,No data,V ugm-3,No data,V mgm-3,No data,V ugm-3 (INDIC.GRAV),No data,,No data,,No data,,No data,,No data,,No data,V ugm-3,4,V ugm-3,No data,V ugm-3,No data,V ugm-3,No data,,13,V ugm-3,No data,V mgm-3,22,V ugm-3 (INDIC.GRAV),No data,,64,V ugm-3,36,V ugm-3,133,N ugm-3,0.54,V mgm-3,26,V ugm-3 (INDIC.GRAV),No data,,3,V ugm-3,47,V ugm-3,2,V ugm-3,11,V ugm-3,14,N ugm-3,No data,,No data,,No data,,No data,,No data
2005-03-19,15,V ugm-3,35,V ugm-3,58,N ugm-3,29,V ugm-3,6,V ugm-3,22,V ugm-3,30,V ugm-3,No data,,1,V ugm-3,0.3,V mgm-3,26,V ugm-3 (INDIC.GRAV),No data,,No data,,No data,,No data,,No data,,31,V ugm-3,14,V ugm-3,35,V ugm-3,56,N ugm-3,No data,,2,V ugm-3,0.15,V mgm-3,27,V ugm-3 (INDIC.GRAV),No data,,No data,,No data,,No data,,No data,,No data,V ugm-3,8,V ugm-3,No data,V ugm-3,No data,V ugm-3,No data,,8,V ugm-3,No data,V mgm-3,36,V ugm-3 (INDIC.GRAV),No data,,77,V ugm-3,45,V ugm-3,163,N ugm-3,0.57,V mgm-3,38,V ugm-3 (INDIC.GRAV),No data,,4,V ugm-3,29,V ugm-3,14,V ugm-3,27,V ugm-3,48,N ugm-3,No data,,No data,,No data,,No data,,No data
2005-03-20,5,V ugm-3,22,V ugm-3,29,N ugm-3,30,V ugm-3,2,V ugm-3,20,V ugm-3,23,V ugm-3,No data,,2,V ugm-3,0.25,V mgm-3,28,V ugm-3 (INDIC.GRAV),No data,,No data,,No data,,No data,,No data,,17,V ugm-3,8,V ugm-3,31,V ugm-3,43,N ugm-3,No data,,7,V ugm-3,0.1,V mgm-3,39,V ugm-3 (INDIC.GRAV),No data,,No data,,No data,,No data,,No data,,No data,V ugm-3,1,V ugm-3,No data,V ugm-3,No data,V ugm-3,No data,,4,V ugm-3,No data,V mgm-3,21,V ugm-3 (INDIC.GRAV),No data,,33,V ugm-3,33,V ugm-3,83,N ugm-3,0.35,V mgm-3,39,V ugm-3 (INDIC.GRAV),No data,,0,V ugm-3,27,V ugm-3,6,V ugm-3,20,V ugm-3,30,N ugm-3,No data,,No data,,No data,,No data,,No data
2005-03-21,24,V ugm-3,52,V ugm-3,89,N ugm-3,39,V ugm-3,7,V ugm-3,34,V ugm-3,45,V ugm-3,No data,,5,V ugm-3,0.39,V mgm-3,35,V ugm-3 (INDIC.GRAV),No data,,No data,,No data,,No data,,No data,,20,V ugm-3,15,V ugm-3,44,V ugm-3,66,N ugm-3,No data,,10,V ugm-3,0.18,V mgm-3,42,V ugm-3 (INDIC.GRAV),No data,,No data,,No data,,No data,,No data,,No data,V ugm-3,4,V ugm-3,No data,V ugm-3,No data,V ugm-3,No data,,6,V ugm-3,No data,V mgm-3,35,V ugm-3 (INDIC.GRAV),No data,,79,V ugm-3,50,V ugm-3,171,N ugm-3,0.52,V mgm-3,50,V ugm-3 (INDIC.GRAV),No data,,2,V ugm-3,35,V ugm-3,8,V ugm-3,27,V ugm-3,39,N ugm-3,No data,,No data,,No data,,No data,,No data
2005-03-22,22,V ugm-3,48,V ugm-3,81,N ugm-3,25,V ugm-3,10,V ugm-3,44,V ugm-3,59,V ugm-3,No data,,4,V ugm-3,0.37,V mgm-3,44,V ugm-3 (INDIC.GRAV),No data,,No data,,No data,,No data,,No data,,20,V ugm-3,26,V ugm-3,47,V ugm-3,86,N ugm-3,No data,,8,V ugm-3,0.22,V mgm-3,40,V ugm-3 (INDIC.GRAV),No data,,No data,,No data,,No data,,No data,,No data,V ugm-3,3,V ugm-3,No data,V ugm-3,No data,V ugm-3,No data,,10,V ugm-3,No data,V mgm-3,37,V ugm-3 (INDIC.GRAV),No data,,No data,V ugm-3,No data,V ugm-3,No data,N ugm-3,No data,V mgm-3,No data,V ugm-3 (INDIC.GRAV),No data,,3,V ugm-3,33,V ugm-3,11,V ugm-3,31,V ugm-3,47,N ugm-3,No data,,No data,,No data,,No data,,No data
2005-03-23,8,V ugm-3,35,V ugm-3,47,N ugm-3,54,V ugm-3,8,V ugm-3,30,V ugm-3,42,V ugm-3,No data,,1,V ugm-3,0.27,V mgm-3,36,V ugm-3 (INDIC.GRAV),No data,,No data,,No data,,No data,,No data,,38,V ugm-3,12,V ugm-3,43,V ugm-3,62,N ugm-3,No data,,5,V ugm-3,0.14,V mgm-3,28,V ugm-3 (INDIC.GRAV),No data,,No data,,No data,,No data,,No data,,No data,V ugm-3,No data,V ugm-3,No data,V ugm-3,No data,V ugm-3,No data,,No data,V ugm-3,No data,V mgm-3,19,V ugm-3 (INDIC.GRAV),No data,,No data,V ugm-3,No data,V ugm-3,No data,N ugm-3,No data,V mgm-3,No data,V ugm-3 (INDIC.GRAV),No data,,2,V ugm-3,48,V ugm-3,6,V ugm-3,24,V ugm-3,33,N ugm-3,No data,,No data,,No data,,No data,,No data
2005-03-24,13,V ugm-3,49,V ugm-3,68,N ugm-3,39,V ugm-3,5,V ugm-3,35,V ugm-3,43,V ugm-3,No data,,3,V ugm-3,0.31,V mgm-3,38,V ugm-3 (INDIC.GRAV),No data,,No data,,No data,,No data,,No data,,14,V ugm-3,27,V ugm-3,56,V ugm-3,97,N ugm-3,No data,,6,V ugm-3,0.21,V mgm-3,40,V ugm-3 (INDIC.GRAV),No data,,No data,,No data,,No data,,No data,,No data,V ugm-3,2,V ugm-3,No data,V ugm-3,No data,V ugm-3,No data,,19,V ugm-3,0.36,V mgm-3,30,V ugm-3 (INDIC.GRAV),No data,,71,V ugm-3,47,V ugm-3,155,N ugm-3,0.51,V mgm-3,49,V ugm-3 (INDIC.GRAV),No data,,2,V ugm-3,29,V ugm-3,13,V ugm-3,36,V ugm-3,56,N ugm-3,No data,,No data,,No data,,No data,,No data
2005-03-25,5,V ugm-3,25,V ugm-3,32,N ugm-3,48,V ugm-3,2,V ugm-3,30,V ugm-3,33,V ugm-3,No data,,3,V ugm-3,0.3,V mgm-3,22,V ugm-3 (INDIC.GRAV),No data,,No data,,No data,,No data,,No data,,56,V ugm-3,4,V ugm-3,24,V ugm-3,30,N ugm-3,No data,,3,V ugm-3,0.1,V mgm-3,14,V ugm-3 (INDIC.GRAV),No data,,No data,,No data,,No data,,No data,,No data,V ugm-3,2,V ugm-3,No data,V ugm-3,No data,V ugm-3,No data,,19,V ugm-3,0.27,V mgm-3,22,V ugm-3 (INDIC.GRAV),No data,,36,V ugm-3,34,V ugm-3,90,N ugm-3,0.4,V mgm-3,32,V ugm-3 (INDIC.GRAV),No data,,1,V ugm-3,69,V ugm-3,1,V ugm-3,14,V ugm-3,16,N ugm-3,No data,,No data,,No data,,No data,,No data
2005-03-26,3,V ugm-3,14,V ugm-3,19,N ugm-3,44,V ugm-3,5,V ugm-3,33,V ugm-3,40,V ugm-3,No data,,6,V ugm-3,0.38,V mgm-3,19,V ugm-3 (INDIC.GRAV),No data,,No data,,No data,,No data,,No data,,54,V ugm-3,7,V ugm-3,27,V ugm-3,37,N ugm-3,No data,,7,V ugm-3,0.1,V mgm-3,11,V ugm-3 (INDIC.GRAV),No data,,No data,,No data,,No data,,No data,,No data,V ugm-3,2,V ugm-3,No data,V ugm-3,No data,V ugm-3,No data,,10,V ugm-3,0.3,V mgm-3,13,V ugm-3 (INDIC.GRAV),No data,,44,V ugm-3,34,V ugm-3,101,N ugm-3,0.36,V mgm-3,20,V ugm-3 (INDIC.GRAV),No data,,3,V ugm-3,No data,V ugm-3,No data,V ugm-3,No data,V ugm-3,No data,V ugm-3,No data,,No data,,No data,,No data,,No data
2005-03-27,2,V ugm-3,6,V ugm-3,8,N ugm-3,50,V ugm-3,2,V ugm-3,23,V ugm-3,26,V ugm-3,No data,,5,V ugm-3,0.36,V mgm-3,20,V ugm-3 (INDIC.GRAV),No data,,No data,,No data,,No data,,No data,,56,V ugm-3,4,V ugm-3,18,V ugm-3,24,N ugm-3,No data,,3,V ugm-3,0.12,V mgm-3,12,V ugm-3 (INDIC.GRAV),No data,,No data,,No data,,No data,,No data,,No data,V ugm-3,2,V ugm-3,No data,V ugm-3,No data,V ugm-3,No data,,9,V ugm-3,0.3,V mgm-3,19,V ugm-3 (INDIC.GRAV),No data,,23,V ugm-3,20,V ugm-3,55,N ugm-3,0.34,V mgm-3,18,V ugm-3 (INDIC.GRAV),No data,,3,V ugm-3,No data,V ugm-3,No data,V ugm-3,No data,V ugm-3,No data,V ugm-3,No data,,No data,,No data,,No data,,No data
2005-03-28,2,V ugm-3,9,V ugm-3,12,N ugm-3,47,V ugm-3,3,V ugm-3,24,V ugm-3,28,V ugm-3,No data,,4,V ugm-3,0.44,V mgm-3,27,V ugm-3 (INDIC.GRAV),No data,,No data,,No data,,No data,,No data,,51,V ugm-3,6,V ugm-3,26,V ugm-3,35,N ugm-3,No data,,1,V ugm-3,0.15,V mgm-3,16,V ugm-3 (INDIC.GRAV),No data,,No data,,No data,,No data,,No data,,No data,V ugm-3,1,V ugm-3,No data,V ugm-3,No data,V ugm-3,No data,,10,V ugm-3,0.32,V mgm-3,24,V ugm-3 (INDIC.GRAV),No data,,28,V ugm-3,26,V ugm-3,69,N ugm-3,0.5,V mgm-3,32,V ugm-3 (INDIC.GRAV),No data,,2,V ugm-3,No data,V ugm-3,No data,V ugm-3,No data,V ugm-3,No data,V ugm-3,No data,,No data,,No data,,No data,,No data
2005-03-29,30,V ugm-3,38,V ugm-3,84,N ugm-3,35,V ugm-3,6,V ugm-3,37,V ugm-3,46,V ugm-3,No data,,1,V ugm-3,0.47,V mgm-3,26,V ugm-3 (INDIC.GRAV),No data,,No data,,No data,,No data,,No data,,41,V ugm-3,14,V ugm-3,36,V ugm-3,57,N ugm-3,No data,,3,V ugm-3,0.16,V mgm-3,15,V ugm-3 (INDIC.GRAV),No data,,No data,,No data,,No data,,No data,,No data,V ugm-3,1,V ugm-3,No data,V ugm-3,No data,V ugm-3,No data,,11,V ugm-3,0.31,V mgm-3,20,V ugm-3 (INDIC.GRAV),No data,,67,V ugm-3,44,V ugm-3,145,N ugm-3,0.57,V mgm-3,48,V ugm-3 (INDIC.GRAV),No data,,2,V ugm-3,No data,V ugm-3,No data,V ugm-3,No data,V ugm-3,No data,V ugm-3,No data,,No data,,No data,,No data,,No data
2005-03-30,8,V ugm-3,22,V ugm-3,34,N ugm-3,55,V ugm-3,3,V ugm-3,34,V ugm-3,39,V ugm-3,No data,,4,V ugm-3,0.35,V mgm-3,55,V ugm-3 (INDIC.GRAV),No data,,No data,,No data,,No data,,No data,,59,V ugm-3,8,V ugm-3,33,V ugm-3,44,N ugm-3,No data,,4,V ugm-3,0.14,V mgm-3,46,V ugm-3 (INDIC.GRAV),No data,,No data,,No data,,No data,,No data,,No data,V ugm-3,No data,V ugm-3,No data,V ugm-3,No data,V ugm-3,No data,,14,V ugm-3,No data,V mgm-3,No data,V ugm-3 (INDIC.GRAV),No data,,57,V ugm-3,41,V ugm-3,127,N ugm-3,0.41,V mgm-3,53,V ugm-3 (INDIC.GRAV),No data,,0,V ugm-3,No data,V ugm-3,No data,V ugm-3,No data,V ugm-3,No data,V ugm-3,No data,,No data,,No data,,No data,,No data
2005-03-31,12,V ugm-3,36,V ugm-3,54,N ugm-3,57,V ugm-3,5,V ugm-3,40,V ugm-3,48,V ugm-3,No data,,6,V ugm-3,0.46,V mgm-3,64,V ugm-3 (INDIC.GRAV),No data,,No data,,No data,,No data,,No data,,62,V ugm-3,8,V ugm-3,37,V ugm-3,49,N ugm-3,No data,,4,V ugm-3,0.16,V mgm-3,53,V ugm-3 (INDIC.GRAV),No data,,No data,,No data,,No data,,No data,,No data,V ugm-3,No data,V ugm-3,No data,V ugm-3,No data,V ugm-3,No data,,No data,V ugm-3,No data,V mgm-3,No data,V ugm-3 (INDIC.GRAV),No data,,75,V ugm-3,61,V ugm-3,175,N ugm-3,0.8,V mgm-3,79,V ugm-3 (INDIC.GRAV),No data,,0,V ugm-3,No data,V ugm-3,No data,V ugm-3,No data,V ugm-3,No data,V ugm-3,No data,,No data,,No data,,No data,,No data



End
